 Katharina, , Foerster, , , Landsberger,Allee,92, , 80469, , München, 
 Kristian, , Jung, , , Paderborner,Strasse,83, , 86359, , Gersthofen, 
 Mario, , Holtzmann, , , Rohrdamm,13, , 32108, , Bad,Salzuflen,Wüsten, 
 Heike, , Wannemaker, , , Alt-Moabit,73, , 14704, , Rathenow, 
 Benjamin, , Shuster, , , Bayreuther,Strasse,86, , 67655, , Kaiserslautern,Innenstadt, 
 Ralph, , Pfeifer, , , Schaarsteinweg, , 93320, , Abensberg, 
 Swen, , Schreiber, , , Rhinstrasse, , 80705, , München, 
 Michael, , Kuefer, , , Rudolstaedter,Strasse,23, , 49624, , Löningen, 
 Matthias, , Schroeder, , , Frankfurter,Allee,87, , 76187, , Karlsruhe,Nordweststadt, 
 Johanna, , Zimmermann, , , Fischerinsel,82, , 41379, , Brüggen, 
 Max, , Schwarz, , , Invalidenstrasse, , 67434, , Neustadt,an,der,Weinstraße,Hambach, 
 Patrick, , Weber, , , Holstenwall,30, , 01816, , Bad,Gottleuba, 
 Bernd, , Theissen, , , Ansbacher,Strasse,38, , 54614, , Niederlauch, 
 Daniela, , Weissmuller, , , Budapester,Straße,62, , 35510, , Butzbach, 
 René, , Rothschild, , , Heiligengeistbrücke, , 91749, , Wittelshofen, 
 Anne, , Biermann, , , Bleibtreustrasse,88, , 33334, , Gütersloh,Avenwedde, 
 Karin, , Dresdner, , , Mühlenstrasse,92, , 96016, , Bamberg, 
 Max, , Waechter, , , Rankestraße,17, , 85280, , Wolnzach, 
 Marco, , Krause, , , Rudower,Strasse, , 54597, , Wallersheim, 
 Andreas, , Herz, , , Ufnau,Strasse,48, , 87641, , Halblech, 
 Jonas, , Beike, , , Augsburger,Straße,62, , 45529, , Hattingen,Bredenscheid-Stüter, 
 Leah, , Abendroth, , , Rathausstrasse,31, , 90707, , Fürth, 
 Kristian, , Abendroth, , , Heinrich,Heine,Platz,40, , 99324, , Stadtilm, 
 Katja, , Pfaff, , , Wallstrasse,69, , 86833, , Ettringen, 
 Karolin, , Meier, , , Frankfurter,Allee,20, , 76139, , Karlsruhe,Waldstadt, 
 Marko, , Köhler, , , Frankfurter,Allee, , 76187, , Karlsruhe,Maxau, 
 Uta, , Wurfel, , , Waßmannsdorfer,Chaussee,46, , 22880, , Hamburg, 
 Silke, , Fassbinder, , , Fischerinsel, , 50127, , Bergheim, 
 Lisa, , Faber, , , Eschenweg,72, , 99503, , Apolda, 
 Mandy, , Pfeifer, , , Hochstrasse,35, , 25996, , Wenningstedt, 
 Sabine, , Wagner, , , Neuer,Jungfernstieg,17, , 84140, , Gangkofen, 
 Sabine, , König, , , Bayreuther,Strasse,36, , 15207, , Frankfurt, 
 Manuela, , Freeh, , , An,Der,Urania,85, , 25887, , Winnert, 
 Nicole, , Lange, , , Messedamm,21, , 01102, , Dresden, 
 Martin, , Fuchs, , , Am,Borsigturm,98, , 42551, , Velbert,Langenhorst, 
 Jan, , Schaefer, , , Inge,Beisheim,Platz,27, , 25364, , Bokel, 
 Stephanie, , Fried, , , Scharnweberstrasse,90, , 63526, , Erlensee, 
 Melanie, , Kuefer, , , Bissingzeile,92, , 21756, , Osten, 
 Marko, , Schuster, , , Alt,Reinickendorf,66, , 87475, , Sulzberg, 
 Paul, , Drescher, , , Meininger,Strasse,20, , 67744, , Hoppstädten, 
 Stefan, , Wurfel, , , Kieler,Strasse,91, , 84469, , Waldkraiburg, 
 Mathias, , Zimmerman, , , Prager,Str,65, , 82302, , Starnberg, 
 Karolin, , Osterhagen, , , An,Der,Urania,78, , 25599, , Wewelsfleth, 
 Dieter, , Lehmann, , , Rohrdamm,30, , 32108, , Bad,Salzuflen,Innenstadt, 
 Steffen, , Kluge, , , Waßmannsdorfer,Chaussee,20, , 15732, , Eichwalde, 
 Swen, , Fiedler, , , Billwerder,Neuer,Deich,21, , 95030, , Hof, 
 Ralph, , Eichelberger, , , Hardenbergstraße,45, , 66887, , Sankt,Julian, 
 Torsten, , Goldschmidt, , , Brandenburgische,Straße,81, , 12107, , Berlin,Lichtenrade, 
 Lucas, , Köhler, , , Bayreuther,Strasse,33, , 89081, , Ulm,Jungingen, 
 Jessika, , Loewe, , , Gotzkowskystrasse,91, , 66851, , Linden, 
 Klaudia, , Kappel, , , Prenzlauer,Allee,17, , 06007, , Halle, 
 Karin, , Drechsler, , , Fischerinsel,31, , 41748, , Viersen,Hamm, 
 Dennis, , Engel, , , Gubener,Str.,14, , 83004, , Rosenheim, 
 Angelika, , Bayer, , , Konstanzer,Strasse,88, , 63263, , Neu-Isenburg, 
 Jessika, , Frankfurter, , , Bleibtreustrasse, , 37691, , Derental, 
 Florian, , Herzog, , , An,Der,Urania,57, , 25544, , Kellinghusen, 
 Robert, , Baum, , , Eichendorffstr.,45, , 72285, , Pfalzgrafenweiler, 
 Jan, , Maier, , , Fontenay,86, , 95222, , Helmbrechts, 
 Mike, , Ostermann, , , Mellingburgredder,99, , 91002, , Erlangen, 
 Nicole, , Dreher, , , Albrechtstrasse,63, , 86391, , Stadtbergen, 
 David, , Faerber, , , Schönwalder,Allee,88, , 24218, , Flintbek, 
 Robert, , Schweitzer, , , Brandenburgische,Strasse,62, , 67273, , Herxheim,am,Berg, 
 Anna, , Fuhrmann, , , Fugger,Strasse,55, , 14473, , Potsdam, 
 Luca, , Köhler, , , Eichendorffstr.,60, , 72393, , Burladingen, 
 Michael, , Kuester, , , Rudolstaedter,Strasse,53, , 63777, , Obernburg, 
 Frank, , Bohm, , , Gubener,Str.,44, , 83059, , Kolbermoor, 
 Petra, , Ziegler, , , Alt-Moabit,88, , 04712, , Döbeln, 
 Jörg, , Bürger, , , Reeperbahn,24, , 18574, , Benz, 
 Markus, , Mueller, , , Esplanade,41, , 97443, , Gerolzhofen, 
 Vanessa, , Sankt, , , Schillerstrasse,80, , 86908, , Dießen, 
 Heike, , Finkel, , , Charlottenstrasse,97, , 01465, , Dresden, 
 Sara, , Wechsler, , , Scharnweberstrasse,79, , 68307, , Mannheim,Waldhof, 
 Kristian, , Herz, , , Fischerinsel,14, , 47809, , Krefeld, 
 Simone, , Hoffmann, , , Borstelmannsweg,53, , 96154, , Burgwindheim, 
 Janina, , Wurfel, , , Prager,Str,47, , 82247, , Fürstenfeldbruck, 
 Kerstin, , Wolf, , , Reeperbahn,66, , 18192, , Tessin, 
 Andreas, , Fuhrmann, , , Joachimstaler,Str.,18, , 97737, , Gemünden, 
 Martina, , Baier, , , Los-Angeles-Platz,51, , 22859, , Schenefeld, 
 Christine, , Daecher, , , Kurfürstendamm,44, , 18057, , Rostock, 
 Peter, , Lange, , , Paderborner,Strasse,80, , 86567, , Hilgertshausen-Tandern, 
 Nadine, , Decker, , , Grosse,Praesidenten,Str.,82, , 74864, , Fahrenbach, 
 Gabriele, , Ritter, , , Alsterkrugchaussee, , 90556, , Cadolzburg, 
 Uta, , Lemann, , , Bayreuther,Strasse,56, , 63071, , Offenbach,am,Main, 
 Phillipp, , Grunwald, , , Pasewalker,Straße,65, , 73635, , Rudersberg, 
 Andrea, , Weiss, , , Augsburger,Strasse,91, , 53520, , Ohlenhard, 
 Patrick, , Baier, , , Joachimstaler,Str.,12, , 55494, , Wahlbach, 
 Michael, , Frankfurter, , , Paul-Nevermann-Platz,17, , 97721, , Oberthulba, 
 Doreen, , Biermann, , , Albrechtstrasse,56, , 87413, , Kempten, 
 Jürgen, , Grunewald, , , Sömmeringstr.,68, , 77646, , Bruchsal, 
 Jennifer, , Fink, , , Fischerinsel,99, , 41748, , Viersen,Helenabrunn, 
 Laura, , Cole, , , Buelowstrasse,80, , 56472, , Stockhausen-Illfurth, 
 René, , Schwartz, , , Eichendorffstr.,63, , 88047, , Friedrichshafen,Fischbach, 
 Tim, , Lange, , , Rudolstaedter,Strasse,72, , 63763, , Hösbach, 
 Claudia, , Schulz, , , Alter,Wall,87, , 97259, , Greußenheim, 
 Tobias, , Bayer, , , Kantstrasse,68, , 95447, , Bayreuth, 
 Vanessa, , Farber, , , Park,Str.,71, , 40227, , Düsseldorf,Oberbilk, 
 Katrin, , Hueber, , , Kurfuerstendamm,94, , 74078, , Heilbronn,Biberach, 
 Johanna, , Kappel, , , Inge,Beisheim,Platz,67, , 25313, , Elmshorn, 
 Kevin, , Ziegler, , , Neue,Roßstr.,46, , 66130, , Saarbrücken,Eschringen, 
 Leonie, , Pfeiffer, , , Pohlstrasse,11, , 38324, , Kissenbrück, 
 Anne, , Rothstein, , , Hermannstrasse,92, , 67245, , Lambsheim, 
 Michael, , Klug, , , Messedamm,64, , 06054, , Halle, 
 Silke, , Vogel, , , Spresstrasse, , 33619, , Bielefeld,Großdornberg, 
 Markus, , Junker, , , Heiligengeistbrücke,28, , 91424, , Bad,Windsheim, 
 Anna, , Schultz, , , Hans-Grade-Allee,33, , 24826, , Schleswig, 
 Stefanie, , Schweizer, , , Messedamm,18, , 01004, , Dresden, 
 Jens, , Bergmann, , , Karl-Liebknecht-Strasse,46, , 27383, , Scheeßel, 
 Marina, , Frei, , , Knesebeckstrasse,13, , 56593, , Obersteinebach, 
 Ulrike, , Kaiser, , , Frankfurter,Allee, , 76137, , Karlsruhe,Oststadt, 
 Ulrike, , Kaiser, , , Ruschestrasse,37, , 39340, , Haldensleben, 
 Ulrike, , Beckenbauer, , , Mühlenstrasse,84, , 97016, , Würzburg, 
 Yvonne, , Lehmann, , , Schmarjestrasse,56, , 06425, , Alsleben, 
 Bernd, , Kastner, , , Kurfuerstendamm,54, , 80001, , München, 
 Jonas, , Koertig, , , Pappelallee,47, , 36452, , Andenhausen, 
 Thomas, , Gruenewald, , , Pasewalker,Straße,10, , 91359, , Leutenbach, 
 Jonas, , Mueller, , , Prenzlauer,Allee,38, , 04167, , Leipzig, 
 Anke, , Schulz, , , Chausseestr.,31, , 22904, , Ahrensburg, 
 Karin, , Hartmann, , , Mollstrasse,77, , 55127, , Mainz,Marienborn, 
 Felix, , Berg, , , Anhalter,Strasse, , 67271, , Kindenheim, 
 Jessica, , Shuster, , , Meininger,Strasse,79, , 66515, , Neunkirchen, 
 Philipp, , Zimmermann, , , Luebecker,Strasse,61, , 83254, , Breitbrunn, 
 Max, , Seiler, , , Schoenebergerstrasse,92, , 08347, , Johanngeorgenstadt, 
 Dieter, , Himmel, , , Augsburger,Strasse,21, , 53533, , Eichenbach, 
 Brigitte, , Wulf, , , Luetzowplatz,48, , 57518, , Alsdorf, 
 Annett, , Meier, , , Schönhauser,Allee,24, , 78183, , Hüfingen, 
 Sabrina, , Muller, , , Albrechtstrasse,24, , 85025, , Ingolstadt, 
 Luca, , Kuster, , , Paderborner,Strasse,84, , 86875, , Waal, 
 Lukas, , Mauer, , , Esplanade, , 97497, , Dingolshausen, 
 Anne, , Maier, , , Waßmannsdorfer,Chaussee,93, , 20251, , Hamburg,Alsterdorf, 
 Maximilian, , Herzog, , , Leopoldstraße,98, , 16356, , Ahrensfelde, 
 Kristin, , Baumgaertner, , , Konstanzer,Strasse,73, , 63860, , Rothenbuch, 
 Christian, , Kirsch, , , Amsinckstrasse,77, , 01898, , Großröhrsdorf, 
 Katharina, , Sanger, , , Lietzensee-Ufer,41, , 01653, , Meißen, 
 Philipp, , Schiffer, , , Meininger,Strasse,12, , 66540, , Neunkirchen, 
 Laura, , Wolf, , , Gruenauer,Strasse, , 21495, , Geesthacht, 
 Daniel, , Kruger, , , Marseiller,Strasse,13, , 86751, , Mönchsdeggingen, 
 Susanne, , Gerste, , , Luebeckertordamm,35, , 92349, , Postbauer-Heng, 
 Claudia, , Brauer, , , Potsdamer,Platz,16, , 88147, , Achberg, 
 Laura, , Mueller, , , Gotthardstrasse,11, , 09003, , Chemnitz, 
 Eric, , Neumann, , , Park,Str.,65, , 40549, , Düsseldorf,Oberkassel, 
 Mario, , Duerr, , , Ellmenreichstrasse,43, , 91322, , Gräfenberg, 
 Silke, , Zimmermann, , , An,der,Schillingbrucke,14, , 88416, , Erlenmoos, 
 Brigitte, , Papst, , , Buelowstrasse,59, , 56472, , Stockhausen-Illfurth, 
 Sven, , Weisz, , , Grosse,Praesidenten,Str.,48, , 64754, , Hesseneck, 
 Phillipp, , Wolf, , , Knesebeckstraße,43, , 52459, , Inden, 
 Sophie, , Aachen, , , Kurfürstendamm, , 08004, , Zwickau, 
 Antje, , Köhler, , , Albrechtstrasse,61, , 85019, , Ingolstadt, 
 Tanja, , Gottschalk, , , Kieler,Strasse,91, , 84494, , Lohkirchen, 
 Lea, , Naumann, , , Leipziger,Straße,88, , 37649, , Heinsen, 
 Stefan, , Muench, , , Kurfuerstendamm,74, , 80006, , München, 
 Sebastian, , Fleischer, , , Feldstrasse,79, , 17092, , Burg,Stargard, 
 Sven, , Lange, , , Schoenebergerstrasse, , 08393, , Dennheritz, 
 Alexander, , Grunwald, , , Chausseestr.,32, , 25443, , Quickborn, 
 Ralf, , Ackermann, , , Frankfurter,Allee,64, , 76137, , Karlsruhe,Beiertheim-Bulach, 
 Ulrich, , Gottlieb, , , Konstanzer,Strasse,24, , 63797, , Kleinostheim, 
 Ralf, , Metzger, , , Gotzkowskystraße,85, , 46354, , Südlohn, 
 Jennifer, , Hahn, , , Koenigstrasse,71, , 07765, , Kahla, 
 Anja, , Ehrlichmann, , , Landsberger,Allee,48, , 80317, , München, 
 Leonie, , Bachmeier, , , Kurfürstendamm,71, , 18181, , Rostock, 
 Mandy, , Ehrlichmann, , , Hermannstrasse,22, , 67549, , Worms,Innenstadt, 
 Maik, , Werfel, , , Jenaer,Strasse,24, , 42275, , Wuppertal,Barmen, 
 Jürgen, , Schneider, , , Los-Angeles-Platz,59, , 22807, , Norderstedt, 
 Maria, , Abt, , , Karl-Liebknecht-Strasse,45, , 49406, , Drentwede, 
 Wolfgang, , Schmitz, , , Gubener,Str., , 83022, , Rosenheim, 
 Angelika, , Möller, , , Neuer,Jungfernstieg,37, , 84057, , Ergoldsbach, 
 Brigitte, , Gottschalk, , , Bleibtreustrasse,45, , 37699, , Fürstenberg, 
 Jana, , Lange, , , Lietzensee-Ufer,43, , 01969, , Lauchhammer, 
 Sven, , Bumgarner, , , Grolmanstraße,50, , 28237, , Bremen,Lindenhof, 
 Ulrike, , Seiler, , , Fugger,Strasse,96, , 06846, , Dessau, 
 Thorsten, , Saenger, , , Albrechtstrasse,55, , 94002, , Passau, 
 Julia, , Amsel, , , Gotthardstrasse,66, , 09114, , Chemnitz, 
 Anna, , Eberhart, , , Brandenburgische,Str,37, , 56283, , Gondershausen, 
 Mandy, , Krueger, , , Knesebeckstraße,96, , 59071, , Hamm, 
 Annett, , Wurfel, , , Fischerinsel,38, , 41747, , Viersen,Beberich, 
 Daniel, , Daecher, , , Adenauerallee,56, , 17209, , Altenhof, 
 Ulrike, , Schmitt, , , Ruschestrasse,80, , 39601, , Osterburg, 
 Swen, , Schulz, , , Scharnweberstrasse, , 63787, , Karlstein, 
 Sophie, , Werfel, , , Ziegelstr.,50, , 84567, , Erlbach, 
 Annett, , Sanger, , , Lützowplatz,15, , 54310, , Ralingen, 
 Christine, , Kalb, , , Genslerstraße,31, , 12105, , Berlin,Tempelhof, 
 Leon, , Papst, , , Marseiller,Strasse,54, , 82387, , Antdorf, 
 Phillipp, , Krüger, , , Ruschestrasse,44, , 39252, , Zerbst, 
 Angelika, , Scherer, , , Alsterkrugchaussee, , 86735, , Amerdingen, 
 Alexander, , Sommer, , , Landsberger,Allee,55, , 80605, , München, 
 Uwe, , Trommler, , , Alter,Wall,66, , 97900, , Külsheim, 
 Jana, , Eichelberger, , , Rosenstrasse,20, , 81511, , München, 
 Maria, , Hoffmann, , , Ufnau,Strasse,39, , 87497, , Wertach, 
 Martina, , Beike, , , Ruschestrasse,42, , 39563, , Stendal, 
 Kristin, , Nacht, , , Kurfürstenstraße,33, , 71732, , Tamm, 
 Daniela, , Pfeffer, , , Karl-Liebknecht-Strasse,80, , 27243, , Winkelsett, 
 Julia, , Muller, , , Budapester,Strasse,90, , 24503, , Neumünster, 
 Mathias, , Himmel, , , Rosenstrasse,84, , 81511, , München, 
 Bernd, , Papst, , , Hollander,Strasse,59, , 35440, , Linden, 
 Max, , Himmel, , , Augsburger,Strasse,53, , 53518, , Wimbach, 
 Sven, , Moench, , , Ziegelstr.,66, , 94100, , Tittling, 
 Jessica, , Sanger, , , Augsburger,Straße,96, , 58454, , Witten,Annen, 
 Sven, , Neustadt, , , Wallstrasse, , 86831, , Ettringen, 
 Swen, , Becker, , , Bleibtreustraße,85, , 79787, , Lauchringen, 
 Susanne, , Lemann, , , Rudower,Chaussee,27, , 96031, , Bamberg, 
 Matthias, , Glockner, , , Hedemannstasse, , 72511, , Bingen, 
 Diana, , Hoch, , , Meinekestraße,79, , 37186, , Moringen, 
 Uta, , Egger, , , Esplanade,17, , 97328, , Volkach, 
 Kevin, , Kastner, , , Brandenburgische,Str.,51, , 72218, , Wildberg, 
 Julia, , Drechsler, , , Rudower,Chaussee,43, , 23501, , Lübeck, 
 Dirk, , Eberhart, , , Pasewalker,Straße,87, , 76534, , Baden-Baden, 
 Annett, , Lehrer, , , Schaarsteinweg,14, , 93146, , Nittenau, 
 Ines, , Werner, , , Augsburger,Straße,34, , 58454, , Witten,Düren, 
 Andrea, , Wolf, , , Kastanienallee,20, , 26844, , Jemgum, 
 Kerstin, , Roth, , , Hermannstrasse, , 67549, , Worms,Pfiffligheim, 
 Manuela, , Aachen, , , Schaarsteinweg,18, , 94522, , Wallersdorf, 
 Annett, , Seiler, , , Kantstrasse,82, , 90231, , Nürnberg, 
 Philipp, , Reinhard, , , Kantstraße,32, , 09405, , Gornau, 
 Jürgen, , Wurfel, , , Feldstrasse,44, , 38831, , Osterwieck, 
 Jens, , Ritter, , , Büsingstrasse,35, , 85752, , Karlsfeld, 
 Jörg, , Koenig, , , Leopoldstraße,30, , 12349, , Berlin,Buckow, 
 Steffen, , Lemann, , , Prenzlauer,Allee,46, , 04229, , Leipzig, 
 Sophia, , Keller, , , Hochstrasse, , 25952, , Norddorf, 
 Alexander, , Schreiner, , , Ziegelstr.,27, , 94497, , Aidenbach, 
 Sven, , Theiss, , , Los-Angeles-Platz,38, , 20457, , Hamburg,Steinwerder, 
 Heike, , Schmidt, , , Ellmenreichstrasse,85, , 96259, , Weismain, 
 Ralf, , Fuerst, , , Stresemannstr.,59, , 66780, , Rehlingen-Siersburg, 
 Dominik, , Weiß, , , Boxhagener,Str.,69, , 20144, , Hamburg,Eimsbüttel, 
 Sara, , Baumgartner, , , Lietzensee-Ufer,86, , 01652, , Meißen, 
 Philipp, , Klug, , , Büsingstrasse,77, , 85461, , Bockhorn, 
 Michelle, , Reiniger, , , Fischerinsel,53, , 41061, , Mönchengladbach,Eicken, 
 Stefanie, , Frueh, , , Hans-Grade-Allee,38, , 24851, , Eggebek, 
 Ralph, , Lehrer, , , Genterstrasse,26, , 24107, , Kiel, 
 Michelle, , Koenig, , , Wallstrasse,45, , 53547, , Roßbach, 
